{
  "2": {
    "VaDE": {
      "silhouette": [
        0.3738720007240772,
        0.12076238240955205
      ],
      "ARI": [
        0.022349476902740504,
        0.028017195696857088
      ],
      "NMI": [
        0.01591204305597179,
        0.021712225992813663
      ]
    },
    "AE+KMeans": {
      "silhouette": [
        0.11576751992106438,
        0.007685731478205912
      ],
      "ARI": [
        0.05464033687364424,
        0.030846596062533687
      ],
      "NMI": [
        0.03934439188749029,
        0.022583602402701075
      ]
    },
    "GMM": {
      "silhouette": [
        0.11403016559779644,
        0.0070974631268509655
      ],
      "ARI": [
        0.0622644578730169,
        0.0767319962615008
      ],
      "NMI": [
        0.04569770350798633,
        0.055255011030882914
      ]
    },
    "DEC": {
      "silhouette": [
        0.9665228873491287,
        0.0009651528236167528
      ],
      "ARI": [
        0.05334038155793898,
        0.0
      ],
      "NMI": [
        0.038106811463323884,
        0.0
      ]
    }
  },
  "3": {
    "VaDE": {
      "silhouette": [
        0.29863159358501434,
        0.02028351660748283
      ],
      "ARI": [
        0.056422999324001404,
        0.04300608523192378
      ],
      "NMI": [
        0.04931695192955774,
        0.038228273668989406
      ]
    },
    "AE+KMeans": {
      "silhouette": [
        0.09901453368365765,
        0.005794859198291021
      ],
      "ARI": [
        0.0637423115652051,
        0.004296154778362309
      ],
      "NMI": [
        0.05181947230978922,
        0.0036685821220163338
      ]
    },
    "GMM": {
      "silhouette": [
        0.08538955915719271,
        0.021221155336377067
      ],
      "ARI": [
        0.07338696992502527,
        0.006537895219231482
      ],
      "NMI": [
        0.05843752688376889,
        0.006092957070113597
      ]
    },
    "DEC": {
      "silhouette": [
        0.9390213191509247,
        0.010813031391510996
      ],
      "ARI": [
        0.056214029224968445,
        0.002399323020462584
      ],
      "NMI": [
        0.04989189705194492,
        0.002103808458532194
      ]
    }
  }
}